assets-dec-onlyif-deposit,3
assets-dec-onlyif-deposit,15
assets-dec-onlyif-deposit,13
assets-dec-onlyif-deposit,6
assets-inc-onlyif-withdraw,3
assets-inc-onlyif-withdraw,15
assets-inc-onlyif-withdraw,4
assets-inc-onlyif-withdraw,13
credit-dec-onlyif-withdraw,3
credit-dec-onlyif-withdraw,15
credit-dec-onlyif-withdraw,9
credit-dec-onlyif-withdraw,1
credit-dec-onlyif-withdraw,17
credit-dec-onlyif-withdraw,2
credit-inc-onlyif-deposit,3
credit-inc-onlyif-deposit,15
credit-inc-onlyif-deposit,9
credit-inc-onlyif-deposit,11
credit-inc-onlyif-deposit,5
credit-inc-onlyif-deposit,14
credits-leq-balance,13
credits-leq-balance,14
credits-leq-balance,5
credits-leq-balance,2
deposit-additivity,11
deposit-additivity,14
deposit-additivity,8
deposit-additivity,1
deposit-additivity,5
deposit-additivity,7
deposit-additivity,13
deposit-additivity,4
deposit-assets-credit,8
deposit-assets-credit,3
deposit-assets-credit,6
deposit-assets-credit,9
deposit-assets-credit,2
deposit-assets-credit,4
deposit-assets-credit,13
deposit-assets-credit,16
deposit-assets-credit,5
deposit-assets-credit,7
deposit-assets-credit-others,10
deposit-assets-credit-others,7
deposit-assets-transfer-others,16
deposit-assets-transfer-others,13
deposit-contract-balance,14
deposit-contract-balance,13
deposit-not-revert,9
deposit-not-revert,12
deposit-not-revert,10
deposit-not-revert,17
deposit-not-revert,6
deposit-not-revert,8
deposit-not-revert,1
deposit-not-revert,2
deposit-not-revert,3
deposit-not-revert,7
deposit-not-revert,14
deposit-not-revert,5
deposit-not-revert,16
deposit-not-revert,4
deposit-not-revert,11
deposit-not-revert,15
deposit-revert,6
deposit-revert,9
deposit-revert,16
deposit-revert,4
exists-at-least-one-credit-change,7
exists-at-least-one-credit-change,5
exists-at-least-one-credit-change,3
exists-at-least-one-credit-change,13
exists-at-least-one-credit-change,16
exists-at-least-one-credit-change,15
exists-at-least-one-credit-change,17
exists-at-least-one-credit-change,2
exists-unique-asset-change,3
exists-unique-asset-change,15
exists-unique-asset-change,4
exists-unique-asset-change,9
exists-unique-credit-change,15
exists-unique-credit-change,5
exists-unique-credit-change,3
exists-unique-credit-change,7
exists-unique-credit-change,17
exists-unique-credit-change,1
exists-unique-credit-change,6
exists-unique-credit-change,16
withdraw-additivity,15
withdraw-additivity,3
withdraw-additivity,6
withdraw-additivity,2
withdraw-assets-credit-others,3
withdraw-assets-credit-others,9
withdraw-assets-credit-others,15
withdraw-assets-credit-others,13
withdraw-assets-credit-others,10
withdraw-assets-credit-others,8
withdraw-assets-transfer-others,15
withdraw-assets-transfer-others,3
withdraw-assets-transfer-others,6
withdraw-assets-transfer-others,4
withdraw-contract-balance,3
withdraw-contract-balance,9
withdraw-contract-balance,15
withdraw-contract-balance,12
withdraw-contract-balance,8
withdraw-contract-balance,7
withdraw-revert,5
withdraw-revert,4
withdraw-revert,10
withdraw-revert,16
withdraw-revert,2
withdraw-revert,17
withdraw-sender-credit,3
withdraw-sender-credit,15
withdraw-sender-credit,9
withdraw-sender-credit,16
withdraw-sender-credit,13
withdraw-sender-credit,8
withdraw-sender-rcv,3
withdraw-sender-rcv,15
withdraw-sender-rcv,8
withdraw-sender-rcv,11
withdraw-sender-rcv-EOA,9
withdraw-sender-rcv-EOA,10
withdraw-sender-rcv-EOA,16
withdraw-sender-rcv-EOA,6
