eventually-balance-zero,11
eventually-balance-zero,1
eventually-balance-zero-receive,13
eventually-balance-zero-receive,6
eventually-balance-zero-receive,3
eventually-balance-zero-receive,15
eventually-withdraw,11
eventually-withdraw,13
eventually-withdraw-receive-owner,2
eventually-withdraw-receive-owner,3
eventually-withdraw-receive-player,11
eventually-withdraw-receive-player,1
join-balance-eq,16
join-balance-eq,2
join-balance-geq,6
join-balance-geq,16
join-balance-geq,3
join-balance-geq,4
join-not-revert,14
join-not-revert,13
join-not-revert,10
join-not-revert,12
join-not-revert,5
join-not-revert,16
join-only-once,12
join-only-once,7
join-only-once,1
join-only-once,2
join-only-once,6
join-only-once,16
join-player,5
join-player,6
join-revert,7
join-revert,9
join-revert,3
join-revert,13
join-revert,15
join-revert,2
join-revert,5
join-revert,4
join-revert,10
join-revert,16
only-owner-or-player-receive,14
only-owner-or-player-receive,9
owner-cannot-receive-before-deadline,6
owner-cannot-receive-before-deadline,16
owner-cannot-receive-before-deadline-not-player,14
owner-cannot-receive-before-deadline-not-player,6
owner-cannot-receive-before-deadline-not-player,10
owner-cannot-receive-before-deadline-not-player,5
owner-cannot-withdraw-before-deadline,12
owner-cannot-withdraw-before-deadline,6
owner-cannot-withdraw-before-deadline,14
owner-cannot-withdraw-before-deadline,2
owner-cannot-withdraw-before-deadline-not-player,1
owner-cannot-withdraw-before-deadline-not-player,12
owner-cannot-withdraw-before-deadline-not-player,3
owner-cannot-withdraw-before-deadline-not-player,16
player-cannot-withdraw-after-deadline,3
player-cannot-withdraw-after-deadline,12
player-cannot-withdraw-after-deadline,6
player-cannot-withdraw-after-deadline,9
player-cannot-withdraw-after-deadline,7
player-cannot-withdraw-after-deadline,10
player-cannot-withdraw-after-deadline-not-owner,14
player-cannot-withdraw-after-deadline-not-owner,6
player-cannot-withdraw-after-deadline-not-owner,3
player-cannot-withdraw-after-deadline-not-owner,8
player-cannot-withdraw-after-deadline-not-owner,16
player-cannot-withdraw-after-deadline-not-owner,5
player-immutable,12
player-immutable,6
player-immutable,14
player-immutable,16
player-immutable,2
player-immutable,15
price-above-player-win,11
price-above-player-win,4
price-above-player-win,3
price-above-player-win,10
price-above-player-win,16
price-above-player-win,8
price-above-player-win,6
price-above-player-win,13
price-above-player-win-frontrun,9
price-above-player-win-frontrun,13
price-above-player-win-frontrun,16
price-above-player-win-frontrun,1
price-below-player-lose,12
price-below-player-lose,6
price-below-player-lose,5
price-below-player-lose,2
price-below-player-lose-before-deadline-not-owner,5
price-below-player-lose-before-deadline-not-owner,12
price-below-player-lose-before-deadline-not-owner,9
price-below-player-lose-before-deadline-not-owner,3
price-below-player-lose-not-owner,14
price-below-player-lose-not-owner,10
price-below-player-lose-not-owner,8
price-below-player-lose-not-owner,11
price-below-player-lose-not-owner,9
price-below-player-lose-not-owner,3
timeout-balance,16
timeout-balance,14
timeout-balance,4
timeout-balance,12
timeout-balance-receive,9
timeout-balance-receive,11
timeout-not-revert-receive,13
timeout-not-revert-receive,11
timeout-not-revert-receive,15
timeout-not-revert-receive,3
timeout-revert,7
timeout-revert,3
transfer-pot,15
transfer-pot,9
transfer-pot-join,15
transfer-pot-join,2
tx-assets-transfer-any,11
tx-assets-transfer-any,15
win-balance,14
win-balance,3
win-balance-receive,12
win-balance-receive,8
win-frontrun,14
win-frontrun,9
win-frontrun-not-oracle,2
win-frontrun-not-oracle,3
win-frontrun-not-oracle,13
win-frontrun-not-oracle,16
win-frontrun-not-oracle,11
win-frontrun-not-oracle,7
win-frontrun-not-oracle,15
win-frontrun-not-oracle,1
win-pot,14
win-pot,11
win-pot-receive,13
win-pot-receive,9
win-pot-receive,10
win-pot-receive,2
win-pot-receive,7
win-pot-receive,4
win-pot-receive,3
win-pot-receive,8
win-revert,1
win-revert,14
win-revert,5
win-revert,16
win-revert,7
win-revert,9
